insert into station values ( '1' , 'west van' )

insert into station values ( '2' , 'surrey' )

insert into station values ( '3' , 'north van' )

insert into station values ( '4' , 'richmond' )

insert into station values ( '5' , 'burnaby' )

insert into station values ( '6' , 'west van' )

insert into station values ( '7' , 'surrey' )

insert into station values ( '8' , 'north van' )

insert into station values ( '9' , 'richmond' )

insert into station values ( '10' , 'burnaby' )

insert into vehicle_follow_drive2 values ( '1112223333' , 'Alice' )

insert into vehicle_follow_drive2 values ( '4445556666' , 'Ben' )

insert into vehicle_follow_drive2 values ( '7778889999' , 'Cara' )

insert into vehicle_follow_drive2 values ( '1110002222' , 'Drake' )

insert into vehicle_follow_drive2 values ( '2223334444' , 'Eason' )

insert into vehicle_follow_drive2 values ( '5556667777' , 'Frank' )

insert into vehicle_follow_drive2 values ( '8889990000' , 'Georgia' )

insert into vehicle_follow_drive2 values ( '1113332222' , 'Helen' )

insert into vehicle_follow_drive2 values ( '3334445555' , 'Irene' )

insert into vehicle_follow_drive2 values ( '6667778888' , 'Jack' )

insert into route2 values ( '1' , '10' )

insert into route2 values ( '2' , '20' )

insert into route2 values ( '3' , '30' )

insert into route2 values ( '4' , '40' )

insert into route2 values ( '5' , '50' )

insert into route1 values ( '41' , '1' )

insert into route1 values ( '49' , '2' )

insert into route1 values ( '68' , '3' )

insert into route1 values ( '84' , '4' )

insert into route1 values ( '99' , '5' )

insert into route1 values ( '300' , '1' )

insert into route1 values ( '301' , '2' )

insert into route1 values ( '302' , '3' )

insert into route1 values ( '303' , '4' )

insert into route1 values ( '304' , '5' )

insert into vehicle_follow_drive1 values ( '10' , '50' , '41' , '101' , '1112223333' , 'A10' )

insert into vehicle_follow_drive1 values ( '11' , '60' , '49' , '102' , '4445556666' , 'B10' )

insert into vehicle_follow_drive1 values ( '12' , '30' , '68' , '103' , '7778889999' , 'C10' )

insert into vehicle_follow_drive1 values ( '13' , '80' , '84' , '104' , '1110002222' , 'D10' )

insert into vehicle_follow_drive1 values ( '14' , '80' , '99' , '105' , '2223334444' , 'F10' )

insert into vehicle_follow_drive1 values ( '20' , '100' , '300' , '201' , '5556667777' , 'H10' )

insert into vehicle_follow_drive1 values ( '21' , '110' , '301' , '202' , '8889990000' , 'G10' )

insert into vehicle_follow_drive1 values ( '22' , '120' , '302' , '203' , '1113332222' , 'H10' )

insert into vehicle_follow_drive1 values ( '23' , '130' , '303' , '204' , '3334445555' , 'I10' )

insert into vehicle_follow_drive1 values ( '24' , '140' , '304' , '205' , '6667778888' , 'J10' )


